{
  "property": "bbbp",
  "type": "WeightedEnsemble",
  "model_version": "3.0.0",
  "weights": {
    "random_forest": 0.4864401397268974,
    "xgboost": 0.5135598602731025
  },
  "metrics": {
    "accuracy": 0.835,
    "f1": 0.9091,
    "precision": 0.8376,
    "recall": 0.994,
    "roc_auc": 0.7995,
    "optimal_threshold": 0.3,
    "confusion_matrix": [
      [
        4,
        64
      ],
      [
        2,
        330
      ]
    ],
    "mean_uncertainty": 0.04739143342859364,
    "mean_confidence": 0.785031880026061
  },
  "saved_at": "2026-02-19 16:14:22 UTC"
}