{
  "property": "bbbp",
  "type": "WeightedEnsemble",
  "model_version": "4.0.0",
  "weights": {
    "random_forest": 0.4988880206768047,
    "xgboost": 0.5011119793231953
  },
  "metrics": {
    "accuracy": 0.835,
    "f1": 0.9096,
    "precision": 0.8342,
    "recall": 1.0,
    "roc_auc": 0.8385,
    "optimal_threshold": 0.09,
    "confusion_matrix": [
      [
        2,
        66
      ],
      [
        0,
        332
      ]
    ],
    "mean_uncertainty": 0.04215967877901486,
    "mean_confidence": 0.7738163381438806
  },
  "saved_at": "2026-02-27 15:58:04 UTC"
}