{
  "property": "toxicity",
  "type": "WeightedEnsemble",
  "model_version": "4.0.0",
  "weights": {
    "random_forest": 0.49633761550597255,
    "xgboost": 0.5036623844940276
  },
  "metrics": {
    "accuracy": 0.9841,
    "f1": 0.4444,
    "precision": 0.5,
    "recall": 0.4,
    "roc_auc": 0.8861,
    "optimal_threshold": 0.46,
    "confusion_matrix": [
      [
        307,
        2
      ],
      [
        3,
        2
      ]
    ],
    "mean_uncertainty": 0.00910020866228303,
    "mean_confidence": 0.9574453401720765
  },
  "saved_at": "2026-02-27 16:00:10 UTC"
}